Cycle,Time,Notes
49,0.47,
50,5.6625833,
51,10.84,
52,16.0386667,