Cycle,Time,Notes
1,3.553333,
2,5.846667,
3,8.106667,
4,10.353333,
5,12.62,
6,14.870813,
7,17.106667,
8,19.306667,