Cycle,Time,Notes
1,1438.553333,
2,1440.846667,
3,1443.106667,
4,1445.353333,
5,1447.62,
6,1449.870813,
7,1452.106667,
8,1454.306667,